File,aid,Date,2062,2065,2066,2111,2116,2118,2120,2122,2175,2185,2186,2189,2190,2239,2257,2258,2261,2262,2303,2321,2322,2325,2326,2376,2378,2380,2431,2445,2446,2449,2450,2495,2517,2518,2521,2522,2559,3098,3102,3135,3154,3158,3222,3226,3263,3294,3298,3362,3414,3418,3482,3486,3519,3554,3558,3583,4113,4114,4168,34837,34842,34892,34896,34961,34962,34965,34966,35033,35034,35037,35038,35097,35098,35101,35102,35152,35154,35156,35221,35222,35225,35226,35293,35294,35297,35298,35327,35930,35998,36002,36070,36074,36134,36138,36190,36194,36258,36262,36330,36334,36351
_250m_16_days_VI_Quality_2000049_aid0001,aid0001,2000-02-18 00:00:00+00:00,76.0,,31.0,,8885.0,,4.0,,,16.0,,,,,,,,,,,,,,82.0,,,,59.0,,,,,4.0,,4.0,,,24.0,24.0,,,,,,,,,,,,2.0,,,5.0,,,,,,,,,,,,,,,,,,,,,,,,,,,,,,,,,,,,,,,,,,,,,,,
_250m_16_days_VI_Quality_2000065_aid0001,aid0001,2000-03-05 00:00:00+00:00,33.0,,23.0,,7260.0,,1621.0,,,25.0,,1.0,,,,,,,,,,,,35.0,,63.0,,64.0,,,,,,,,,,83.0,4.0,,,,,,,,,,,,,,,,4.0,,,,,,,,,,,,,,,,,,,,,,,,,,,,,,,,,,,,,,,,,,,,,,
_250m_16_days_VI_Quality_2000081_aid0001,aid0001,2000-03-21 00:00:00+00:00,,,5.0,,8924.0,,194.0,,,,,10.0,,,,,,,,,,,,39.0,,24.0,,16.0,,,,,,,,,,,,,,,,,,,,,,,,,,4.0,,,,,,,,,,,,,,,,,,,,,,,,,,,,,,,,,,,,,,,,,,,,,,,
_250m_16_days_VI_Quality_2000097_aid0001,aid0001,2000-04-06 00:00:00+00:00,25.0,,10.0,,8774.0,,64.0,,,132.0,,,,,,,,,,,,,,113.0,,,,37.0,,,,,9.0,,,,,38.0,14.0,,,,,,,,,,,,,,,,,,,,,,,,,,,,,,,,,,,,,,,,,,,,,,,,,,,,,,,,,,,,,,
_250m_16_days_VI_Quality_2000113_aid0001,aid0001,2000-04-22 00:00:00+00:00,103.0,,7.0,,8575.0,,35.0,,,71.0,,,,,,,,,,,,,,236.0,,,,65.0,,,,,4.0,4.0,,,,80.0,13.0,,,,,,,,,,,,,,,11.0,12.0,,,,,,,,,,,,,,,,,,,,,,,,,,,,,,,,,,,,,,,,,,,,,,
_250m_16_days_VI_Quality_2000129_aid0001,aid0001,2000-05-08 00:00:00+00:00,807.0,,225.0,,3387.0,,,,,438.0,,36.0,396.0,,,,,64.0,,,,,,592.0,7.0,,,557.0,21.0,50.0,115.0,,115.0,103.0,,38.0,,203.0,1.0,,21.0,,326.0,150.0,,,,,,12.0,570.0,206.0,,45.0,41.0,,15.0,,10.0,,,,,,,,14.0,,,,,,,,,,,,107.0,8.0,,73.0,65.0,40.0,13.0,8.0,,,29.0,,,,,,,,216.0,,92.0,,
_250m_16_days_VI_Quality_2000145_aid0001,aid0001,2000-05-24 00:00:00+00:00,4045.0,,98.0,,,,,,,41.0,,,,,,,,,,,,,,24.0,,,,728.0,,,,,40.0,20.0,,,,3594.0,,,,,,,,,,,,,240.0,,,207.0,,,,,,,,,,,,,,,,,,,,,,,,,57.0,,,,,40.0,,,,,,,,,,,,,41.0,,41.0,,
_250m_16_days_VI_Quality_2000161_aid0001,aid0001,2000-06-09 00:00:00+00:00,4584.0,,654.0,,23.0,11.0,123.0,,,22.0,215.0,879.0,,,,68.0,,,,,,,,44.0,,49.0,,54.0,137.0,700.0,8.0,,,475.0,44.0,,,,232.0,,1.0,,,128.0,,,,,,,25.0,124.0,,,125.0,,,,,,,21.0,,,75.0,,,,,,,,,,,,,,36.0,91.0,4.0,,,82.0,15.0,,,,,,,,,,,,20.0,94.0,,53.0,
_250m_16_days_VI_Quality_2000177_aid0001,aid0001,2000-06-25 00:00:00+00:00,574.0,,101.0,,5144.0,,,,,315.0,,,,,114.0,16.0,,,,,,,,1429.0,,,,477.0,,16.0,,,44.0,,4.0,,,408.0,18.0,,,,,,,107.0,,,,,20.0,,,21.0,,,,,,,,9.0,,209.0,,,,33.0,,,,,,,,34.0,,,91.0,,3.0,,17.0,,,,,,4.0,,8.0,,,,,,,,,,
_250m_16_days_VI_Quality_2000193_aid0001,aid0001,2000-07-11 00:00:00+00:00,44.0,,10.0,,7659.0,,456.0,,,142.0,,93.0,,,,,,,,,,,,375.0,,38.0,,91.0,,40.0,,,,,5.0,7.0,,69.0,12.0,,,,,,,,,,,,,,,8.0,3.0,,,,,,,74.0,62.0,,,,,,,,,,,,,,,28.0,,,,,,,,,,,,,,,,,,,,,,,
_250m_16_days_VI_Quality_2000209_aid0001,aid0001,2000-07-27 00:00:00+00:00,1987.0,,576.0,,307.0,,362.0,,,176.0,,1061.0,,,,,53.0,,,,,,,630.0,,290.0,,914.0,,1010.0,58.0,,,,127.0,9.0,,530.0,184.0,,,,,,,,,,,,110.0,68.0,,79.0,31.0,,,,,,,,,,,70.0,,,,,,,,12.0,,32.0,,,9.0,,374.0,21.0,,4.0,39.0,,,,,,,,,,,,36.0,8.0,,49.0,
_250m_16_days_VI_Quality_2000225_aid0001,aid0001,2000-08-12 00:00:00+00:00,1322.0,32.0,3034.0,,40.0,,16.0,,,154.0,,677.0,,,,8.0,36.0,,,,,159.0,,49.0,,17.0,,266.0,,1551.0,,,45.0,8.0,354.0,16.0,,351.0,307.0,,,,,,,,,,,,,84.0,,51.0,239.0,,,,,,,,,82.0,,,,,,,,,4.0,,8.0,13.0,,,107.0,,,,26.0,87.0,,,,,,,,,,,,,4.0,,55.0,14.0,
_250m_16_days_VI_Quality_2000241_aid0001,aid0001,2000-08-28 00:00:00+00:00,688.0,,196.0,,4011.0,,,,1.0,594.0,17.0,,,,,,,,,,14.0,,,1815.0,,,,989.0,,21.0,,1.0,51.0,,,,,463.0,33.0,,,,17.0,,,,,,,,,,,60.0,,,,,,,,,,,,,,,,,,,,,,30.0,,4.0,132.0,,21.0,,17.0,4.0,,4.0,,,,,,,,,,16.0,,,17.0,,
_250m_16_days_VI_Quality_2000257_aid0001,aid0001,2000-09-13 00:00:00+00:00,419.0,,210.0,,4778.0,,,,,156.0,,176.0,,,,,,,,,,,,1919.0,,,,613.0,,42.0,,,24.0,,,,,420.0,66.0,,,,8.0,,,,8.0,,,,40.0,1.0,,59.0,28.0,,,,,,,48.0,,,,,,,,,,,,,13.0,115.0,,,68.0,,,,,,,5.0,,,,,,,,,,,,,,,
_250m_16_days_VI_Quality_2000273_aid0001,aid0001,2000-09-29 00:00:00+00:00,56.0,,181.0,,8002.0,,199.0,,,37.0,,12.0,,,,,,,,,,,,366.0,,94.0,1.0,36.0,,133.0,,,7.0,,5.0,,,43.0,42.0,,,,,,,,,,,,,,,2.0,,,,,,,,,,,,,,,,,,,,,,,,,,,,,,,,,,,,,,,,,,,,,,,
_250m_16_days_VI_Quality_2000289_aid0001,aid0001,2000-10-15 00:00:00+00:00,549.0,,261.0,,4148.0,,337.0,,,1004.0,,80.0,,,24.0,,,,,,8.0,,4.0,879.0,,16.0,,722.0,13.0,228.0,4.0,,25.0,,,,,150.0,4.0,,,,,,,,,,16.0,,,,,8.0,4.0,,,,,,,269.0,,57.0,8.0,,,,,,,13.0,,,,154.0,8.0,,100.0,,32.0,,,,12.0,4.0,,14.0,24.0,28.0,,,,,,,9.0,,,,
_250m_16_days_VI_Quality_2000305_aid0001,aid0001,2000-10-31 00:00:00+00:00,53.0,,4.0,,8886.0,,8.0,,,,,,,,,,,,,,,,,192.0,,,,,,12.0,,,,,4.0,,,40.0,17.0,,,,,,,,,,,,,,,,,,,,,,,,,,,,,,,,,,,,,,,,,,,,,,,,,,,,,,,,,,,,,,
_250m_16_days_VI_Quality_2000321_aid0001,aid0001,2000-11-16 00:00:00+00:00,340.0,,103.0,,6070.0,,28.0,,,73.0,,13.0,,,,,,,,,,,,807.0,,,2.0,262.0,,82.0,,,7.0,,,,,319.0,126.0,,,,,,,,,,,,,,,,,,,,,,,329.0,,45.0,,29.0,,,,,,,,,,286.0,,,205.0,,77.0,,8.0,,1.0,,,,,,,,,,,,,,4.0,,
_250m_16_days_VI_Quality_2000337_aid0001,aid0001,2000-12-02 00:00:00+00:00,,,,,6017.0,,3199.0,,,,,,,,,,,,,,,,,,,,,,,,,,,,,,,,,,,,,,,,,,,,,,,,,,,,,,,,,,,,,,,,,,,,,,,,,,,,,,,,,,,,,,,,,,,,,,
_250m_16_days_VI_Quality_2000353_aid0001,aid0001,2000-12-18 00:00:00+00:00,178.0,,157.0,,7876.0,,,,,186.0,,,,,,,,,,,,,,157.0,,,,243.0,,,,,7.0,,4.0,,,194.0,88.0,,,,,,,,,,,,,,,4.0,,,,,,,,41.0,,,,,,,,,,,,,,44.0,,,29.0,,,,4.0,,,,,,,,,,,,,,,,4.0,,
_250m_16_days_VI_Quality_2001001_aid0001,aid0001,2001-01-01 00:00:00+00:00,114.0,,25.0,,8504.0,,60.0,,,,,,,,,,,,,,,,,253.0,,9.0,,33.0,,24.0,,,,,,,,126.0,20.0,,,,,,,,,,,,,,,,,,,,,,,5.0,,,,,,,,,,,,,,43.0,,,,,,,,,,,,,,,,,,,,,,,,,
_250m_16_days_VI_Quality_2001017_aid0001,aid0001,2001-01-17 00:00:00+00:00,24.0,,32.0,,8679.0,,58.0,,,4.0,,8.0,,,,,,,,,,,,138.0,,8.0,,74.0,,75.0,,,,,10.0,,,49.0,57.0,,,,,,,,,,,,,,,,,,,,,,,,,,,,,,,,,,,,,,,,,,,,,,,,,,,,,,,,,,,,,,
_250m_16_days_VI_Quality_2001033_aid0001,aid0001,2001-02-02 00:00:00+00:00,59.0,,11.0,,8651.0,,4.0,,,20.0,,41.0,,,,,,,,,,,,110.0,,,,129.0,,23.0,,,,,18.0,,,80.0,16.0,,,,,,,,,,,,,,,,,,,,,,,53.0,,,,,,,,,,,,,,1.0,,,,,,,,,,,,,,,,,,,,,,,,,
_250m_16_days_VI_Quality_2001049_aid0001,aid0001,2001-02-18 00:00:00+00:00,58.0,,4.0,,8894.0,,12.0,,,52.0,,,,,,,,,,,,,,93.0,,4.0,,76.0,,4.0,,,,,,,,10.0,4.0,,,,,,,,,,,,,,,5.0,,,,,,,,,,,,,,,,,,,,,,,,,,,,,,,,,,,,,,,,,,,,,,,
_250m_16_days_VI_Quality_2001065_aid0001,aid0001,2001-03-06 00:00:00+00:00,,,,,9200.0,,,,,16.0,,,,,,,,,,,,,,,,,,,,,,,,,,,,,,,,,,,,,,,,,,,,,,,,,,,,,,,,,,,,,,,,,,,,,,,,,,,,,,,,,,,,,,,,,,,
_250m_16_days_VI_Quality_2001081_aid0001,aid0001,2001-03-22 00:00:00+00:00,46.0,,,,8769.0,,50.0,,,,,8.0,,,20.0,,,,,,,,,177.0,,,,29.0,,8.0,,,,,8.0,,,81.0,12.0,,,,,,,,,,,,,,,,8.0,,,,,,,,,,,,,,,,,,,,,,,,,,,,,,,,,,,,,,,,,,,,,,
_250m_16_days_VI_Quality_2001097_aid0001,aid0001,2001-04-07 00:00:00+00:00,54.0,,37.0,,8713.0,,,,,68.0,,,,,,,,,,,,,,206.0,,,,69.0,,9.0,,,11.0,,,,,37.0,4.0,,,,,,,,,,,,,,,4.0,4.0,,,,,,,,,,,,,,,,,,,,,,,,,,,,,,,,,,,,,,,,,,,,,,
_250m_16_days_VI_Quality_2001113_aid0001,aid0001,2001-04-23 00:00:00+00:00,12.0,,5.0,,8342.0,,,,,688.0,,,,,,,,,,,,,,74.0,,,,64.0,,,,,4.0,,,,,23.0,4.0,,,,,,,,,,,,,,,,,,,,,,,,,,,,,,,,,,,,,,,,,,,,,,,,,,,,,,,,,,,,,,
_250m_16_days_VI_Quality_2001129_aid0001,aid0001,2001-05-09 00:00:00+00:00,1201.0,,105.0,,208.0,102.0,,25.0,,4551.0,253.0,81.0,85.0,,253.0,41.0,,,,,,,,73.0,,,,891.0,,20.0,44.0,,131.0,4.0,41.0,53.0,,253.0,73.0,,,,8.0,,,,,,,,142.0,8.0,,22.0,8.0,,,,,,,,,192.0,,8.0,,33.0,,,,,,,,18.0,,,223.0,,,,54.0,,,,,,,,,,,,,,,,,12.0,
_250m_16_days_VI_Quality_2001145_aid0001,aid0001,2001-05-25 00:00:00+00:00,1318.0,,39.0,,273.0,,,,,1176.0,,146.0,52.0,,20.0,,,,,,,,,208.0,,,,879.0,,104.0,162.0,,21.0,,,4.0,,1396.0,64.0,,,20.0,237.0,478.0,,20.0,9.0,,,,667.0,293.0,,100.0,28.0,,,,,,,,,130.0,,82.0,,,,,,,,,,49.0,,,491.0,,131.0,13.0,12.0,30.0,,12.0,,,16.0,110.0,,,,,,,115.0,250.0,53.0,8.0,
_250m_16_days_VI_Quality_2001161_aid0001,aid0001,2001-06-10 00:00:00+00:00,843.0,,2625.0,10.0,,,,,,,,229.0,,,,,28.0,,,,,,,,,,,,,688.0,,6.0,,,42.0,57.0,4.0,,1098.0,3.0,,224.0,,984.0,,,,,,22.0,,1588.0,5.0,,225.0,3.0,,,,,,,,,,,,,,,,,,,,,,,,,65.0,17.0,,,65.0,41.0,3.0,,,16.0,,,,,,,,192.0,,129.0,4.0
_250m_16_days_VI_Quality_2001177_aid0001,aid0001,2001-06-26 00:00:00+00:00,2138.0,,659.0,3.0,,523.0,,,,17.0,245.0,1101.0,,,,,,,,,878.0,20.0,39.0,,78.0,,,357.0,378.0,891.0,44.0,,16.0,369.0,13.0,41.0,,51.0,627.0,,,,,,,,,6.0,,,,77.0,,4.0,,,,,2.0,,,,,19.0,,,,,,,,6.0,,15.0,62.0,55.0,,,326.0,,62.0,,11.0,,53.0,4.0,,,,,,,,,,,9.0,,8.0,9.0,
_250m_16_days_VI_Quality_2001193_aid0001,aid0001,2001-07-12 00:00:00+00:00,73.0,,97.0,,7429.0,,493.0,,,228.0,,,,,,,,,,,,,,267.0,,271.0,,179.0,,20.0,,,,,4.0,,,31.0,8.0,,,,,,,,,,,,,,,,,,,,,,,,,7.0,,,,,,,,,,,,31.0,,64.0,8.0,,6.0,,,,,,,,,,,,,,,,,,,,
_250m_16_days_VI_Quality_2001209_aid0001,aid0001,2001-07-28 00:00:00+00:00,354.0,,56.0,,3839.0,,1845.0,,,486.0,,970.0,,,8.0,,,,,,,,,620.0,,92.0,,364.0,,167.0,,,4.0,,24.0,,,89.0,81.0,,,82.0,,16.0,,,,,,8.0,,24.0,,,4.0,,,,,,,,,50.0,,,,,,,,,,,,8.0,,,9.0,,,,,,,,,,,,,,,,,,16.0,,,,
_250m_16_days_VI_Quality_2001225_aid0001,aid0001,2001-08-13 00:00:00+00:00,769.0,,92.0,,2914.0,,,,,1858.0,,,,,,,,,,,,,,1084.0,,,,1429.0,,33.0,,,61.0,42.0,7.0,,,288.0,68.0,,,,,,,,8.0,,,,56.0,,,58.0,12.0,,,,,,,24.0,,49.0,,,,,,,,,,,,,,,240.0,,28.0,,93.0,,3.0,,,,,,,,,,,,,,,,
_250m_16_days_VI_Quality_2001241_aid0001,aid0001,2001-08-29 00:00:00+00:00,255.0,,10.0,,5559.0,,13.0,,,1463.0,25.0,52.0,12.0,,,,,,,,,,,774.0,,,,488.0,11.0,17.0,,,16.0,,,,,237.0,1.0,,,,13.0,,,,,,,,,,,24.0,,,,,,,,12.0,,44.0,,,,,,,,,,,,45.0,,,141.0,,,,4.0,,,,,,,,,,,,,,,,,,
_250m_16_days_VI_Quality_2001257_aid0001,aid0001,2001-09-14 00:00:00+00:00,661.0,,176.0,,3503.0,,,,,708.0,,242.0,,,,,,,,,,,,1273.0,,,,991.0,,174.0,,,199.0,,88.0,8.0,,513.0,87.0,,,,,8.0,,,,,,,,8.0,,83.0,51.0,,,,,,,16.0,,,,,,,,,,,,,,305.0,,,48.0,,,,39.0,14.0,,,,,,,,,,,,,8.0,,,13.0,
_250m_16_days_VI_Quality_2001273_aid0001,aid0001,2001-09-30 00:00:00+00:00,203.0,,51.0,,4882.0,,147.0,,,947.0,,289.0,,,,,,,,,,,,1330.0,,54.0,,636.0,,106.0,,,21.0,,,,,135.0,23.0,,,,,,,,,,,,,,,8.0,,,,,,,,46.0,,44.0,,,,,,,,,,,,72.0,,,192.0,,,,30.0,,,,,,,,,,,,,,,,,,
_250m_16_days_VI_Quality_2001289_aid0001,aid0001,2001-10-16 00:00:00+00:00,580.0,,108.0,,2464.0,,,,,731.0,,475.0,,,4.0,,37.0,,,,,,,1141.0,,,,1379.0,,477.0,,,20.0,8.0,101.0,,,360.0,52.0,,,,,,,,,,,,,40.0,,11.0,21.0,,,,,,,87.0,,229.0,,,,,,61.0,,,,,,218.0,,,411.0,,16.0,,87.0,16.0,,,,,,,,,,,,,33.0,,45.0,4.0,
_250m_16_days_VI_Quality_2001305_aid0001,aid0001,2001-11-01 00:00:00+00:00,446.0,,14.0,,7281.0,,,,,879.0,,,,,,,,,,,,,,7.0,,,,301.0,,,,,16.0,,,,,125.0,,,,,,,,,,,,,,,,8.0,,,,,,,,10.0,,,,,,,,,,,,,,,,,92.0,,,,8.0,4.0,,,,,,,,,,,,,,,25.0,,
_250m_16_days_VI_Quality_2001321_aid0001,aid0001,2001-11-17 00:00:00+00:00,21.0,,26.0,,8921.0,,,,,,,,,,,,,,,,,,,171.0,,,,8.0,,,,,,,,12.0,,40.0,9.0,,,,,,,,,,,,,,,,8.0,,,,,,,,,,,,,,,,,,,,,,,,,,,,,,,,,,,,,,,,,,,,,,
_250m_16_days_VI_Quality_2001337_aid0001,aid0001,2001-12-03 00:00:00+00:00,73.0,,77.0,,8525.0,,12.0,,,20.0,,,,,,,,,,,,,,307.0,,,,10.0,,,,,,,,,,118.0,57.0,,,,,,,,,,,,,,,,16.0,,,,,,,,,,,,,,,,,,,,,1.0,,,,,,,,,,,,,,,,,,,,,,,,,
_250m_16_days_VI_Quality_2001353_aid0001,aid0001,2001-12-19 00:00:00+00:00,95.0,,,,8493.0,,,,,94.0,,,,,,,,,,,,,,324.0,,,,40.0,,16.0,,,,,,,,98.0,,,,,,,,,,,,,,,,5.0,,,,,,,,25.0,,,,,,,,,,,,,,2.0,,,24.0,,,,,,,,,,,,,,,,,,,,,,
_250m_16_days_VI_Quality_2002001_aid0001,aid0001,2002-01-01 00:00:00+00:00,66.0,,,,8756.0,,,,,25.0,,,,,,,,,,,,,,236.0,,,,21.0,,,,,,,,,,112.0,,,,,,,,,,,,,,,,,,,,,,,,,,,,,,,,,,,,,,,,,,,,,,,,,,,,,,,,,,,,,,,
_250m_16_days_VI_Quality_2002017_aid0001,aid0001,2002-01-17 00:00:00+00:00,28.0,,74.0,,8691.0,,8.0,,,20.0,,,,,,,,,,,,,,153.0,,16.0,,67.0,,21.0,,,,,12.0,,,36.0,27.0,,,,,,,,,,,,20.0,,,,,,,,,,,12.0,,31.0,,,,,,,,,,,,,,,,,,,,,,,,,,,,,,,,,,,,,
_250m_16_days_VI_Quality_2002033_aid0001,aid0001,2002-02-02 00:00:00+00:00,38.0,,157.0,,8591.0,,8.0,,,37.0,,,,,,,,,,,,,,118.0,,24.0,,77.0,,21.0,,,,,,,,48.0,13.0,,,,,,,,,,,,,,,,,,,,,,,31.0,,,,,,,,,,,,,,6.0,,,42.0,,5.0,,,,,,,,,,,,,,,,,,,,
_250m_16_days_VI_Quality_2002049_aid0001,aid0001,2002-02-18 00:00:00+00:00,37.0,,,,8984.0,,12.0,,,25.0,,,,,,,,,,,,,,124.0,,,,13.0,,17.0,,,,,,,,,4.0,,,,,,,,,,,,,,,,,,,,,,,,,,,,,,,,,,,,,,,,,,,,,,,,,,,,,,,,,,,,,,
_250m_16_days_VI_Quality_2002065_aid0001,aid0001,2002-03-06 00:00:00+00:00,124.0,,,,8767.0,,,,,,,,,,,,,,,,,,,185.0,,,,58.0,,4.0,,,4.0,,,,,74.0,,,,,,,,,,,,,,,,,,,,,,,,,,,,,,,,,,,,,,,,,,,,,,,,,,,,,,,,,,,,,,,
_250m_16_days_VI_Quality_2002081_aid0001,aid0001,2002-03-22 00:00:00+00:00,109.0,,49.0,,8593.0,,24.0,,,16.0,,,,,,,,,8.0,,,,,127.0,,,,92.0,,76.0,,,4.0,,19.0,,,29.0,64.0,,,,,,,,,,,,,6.0,,,,,,,,,,,,,,,,,,,,,,,,,,,,,,,,,,,,,,,,,,,,,,,,,
_250m_16_days_VI_Quality_2002097_aid0001,aid0001,2002-04-07 00:00:00+00:00,49.0,,8.0,,8741.0,,36.0,,,28.0,,,,,,,,,,,,,,129.0,,13.0,,138.0,,25.0,,,21.0,,,,,24.0,4.0,,,,,,,,,,,,,,,,,,,,,,,,,,,,,,,,,,,,,,,,,,,,,,,,,,,,,,,,,,,,,,
_250m_16_days_VI_Quality_2002113_aid0001,aid0001,2002-04-23 00:00:00+00:00,66.0,,11.0,,8631.0,4.0,,,,41.0,,,,,,,,,,,,,,280.0,,,,83.0,,,,,12.0,,,,,84.0,,,,,,,,,,,,,,,,,,,,,,,,,,,,,,,,,,,,,,4.0,,,,,,,,,,,,,,,,,,,,,,,,,
_250m_16_days_VI_Quality_2002129_aid0001,aid0001,2002-05-09 00:00:00+00:00,206.0,,47.0,,7820.0,16.0,,,,435.0,,,12.0,,,,,,,,,,,73.0,,,,296.0,,,,,8.0,10.0,,,,162.0,8.0,,,,,,,,,,,,,,,4.0,,,,,,,,,,,,,,,,,,,,,,,,,44.0,,,,17.0,46.0,,,,,,,,,,,,,,,12.0,,
_250m_16_days_VI_Quality_2002145_aid0001,aid0001,2002-05-25 00:00:00+00:00,942.0,,32.0,,1950.0,,,,,294.0,25.0,,,,,,,,,,,,,588.0,,,,1243.0,45.0,,,,64.0,12.0,,,,916.0,10.0,,510.0,,346.0,,,,,,254.0,,496.0,,,67.0,,,,,,,,16.0,,61.0,,,,,,,,,,,,175.0,,,781.0,,,,110.0,27.0,,13.0,,,,,4.0,,,,33.0,,183.0,,19.0,,
_250m_16_days_VI_Quality_2002161_aid0001,aid0001,2002-06-10 00:00:00+00:00,878.0,,186.0,,1134.0,,,,,472.0,,,,,,,,,,,,,,3026.0,,,,1210.0,20.0,21.0,,1.0,125.0,11.0,4.0,,,567.0,73.0,,,,91.0,,,,,,,,584.0,194.0,,85.0,27.0,,,2.0,,,,36.0,,,,,,,,,,,,,,86.0,,,188.0,,,,18.0,4.0,8.0,,,,,,,,,,4.0,,87.0,16.0,38.0,20.0,
_250m_16_days_VI_Quality_2002177_aid0001,aid0001,2002-06-26 00:00:00+00:00,729.0,,482.0,,2627.0,,8.0,,,399.0,,568.0,,,,,,,,,3.0,,,991.0,,,,1133.0,48.0,319.0,,,51.0,32.0,44.0,12.0,,209.0,72.0,,,,36.0,,,,,,,,8.0,20.0,,16.0,8.0,,,,,,,216.0,,13.0,,56.0,,,,,,,,,,165.0,,,688.0,8.0,109.0,,49.0,,,12.0,,,,,,,,,,,9.0,28.0,28.0,20.0,
_250m_16_days_VI_Quality_2002193_aid0001,aid0001,2002-07-12 00:00:00+00:00,444.0,,271.0,,1428.0,,4819.0,,,69.0,,,,,,,,,,,,,,186.0,,547.0,,224.0,,367.0,,,10.0,25.0,8.0,,,36.0,21.0,,,,,,,,,,,,5.0,,,12.0,9.0,,,,,,,61.0,275.0,,,41.0,,,,,,,,,,13.0,,69.0,4.0,,227.0,,20.0,,,,,,,,,,,,,,5.0,,20.0,,
_250m_16_days_VI_Quality_2002209_aid0001,aid0001,2002-07-28 00:00:00+00:00,66.0,,176.0,,2453.0,,5220.0,,,633.0,,,,,,,,,,,,,,,,195.0,,33.0,,,,,,,,,,21.0,45.0,,,,,,,,,,,,,,,,,,,,,,,,96.0,,,,,,,,,,,,,,,167.0,85.0,,16.0,,,,10.0,,,,,,,,,,,,,,,,
_250m_16_days_VI_Quality_2002225_aid0001,aid0001,2002-08-13 00:00:00+00:00,65.0,,,,8018.0,,,,,20.0,,606.0,,,,,33.0,,,,,,,242.0,,,,24.0,,13.0,,,,,,,,24.0,,,,,,4.0,,,,,,,21.0,,,,,,,,,,,,,98.0,,,,,,,,,,,,,,,48.0,,,,,,,,,,,,,,,,,,,,,,
_250m_16_days_VI_Quality_2002241_aid0001,aid0001,2002-08-29 00:00:00+00:00,236.0,,73.0,,3148.0,,2738.0,,,451.0,,52.0,,,16.0,,,,,,,,,369.0,,261.0,,639.0,12.0,152.0,,,21.0,4.0,,,,138.0,50.0,,,16.0,,,,,,,,,4.0,12.0,,5.0,,,,,,,,84.0,,8.0,,358.0,,,,,,,,,,71.0,,,86.0,,196.0,,,,8.0,,,,,,,,,,,,8.0,,,,
_250m_16_days_VI_Quality_2002257_aid0001,aid0001,2002-09-14 00:00:00+00:00,1430.0,,982.0,,261.0,,342.0,,,1061.0,,1112.0,256.0,,,,,73.0,,,,,,,,82.0,,495.0,,936.0,361.0,,95.0,14.0,95.0,182.0,,334.0,66.0,,,,32.0,64.0,,,9.0,8.0,,,12.0,91.0,,50.0,97.0,,,,,,,,,44.0,44.0,,,,,,,,,,,,,,110.0,4.0,135.0,,28.0,114.0,49.0,5.0,,,24.0,,,,,,,,29.0,,90.0,,
_250m_16_days_VI_Quality_2002273_aid0001,aid0001,2002-09-30 00:00:00+00:00,106.0,,102.0,,5805.0,,792.0,,,93.0,,527.0,,,,,,,,,,,,378.0,,106.0,,278.0,,256.0,,,13.0,,4.0,,,52.0,142.0,,,,,,,,,,,,,,,,4.0,,,,,,,96.0,136.0,18.0,,37.0,,,,,,,,,,167.0,,6.0,51.0,,47.0,,,,,,,,,,,,,,,,,,,,
_250m_16_days_VI_Quality_2002289_aid0001,aid0001,2002-10-16 00:00:00+00:00,140.0,,3.0,,7039.0,,,,,286.0,,28.0,,,,,,,,,,,,949.0,,,,331.0,,,,,16.0,,,9.0,,67.0,15.0,,,,,,,,,,,,,,,9.0,,,,,,,,87.0,,4.0,,,,,,,,,,,,191.0,,,38.0,,,,,,,4.0,,,,,,,,,,,,,,,
_250m_16_days_VI_Quality_2002305_aid0001,aid0001,2002-11-01 00:00:00+00:00,286.0,,525.0,,4565.0,,1475.0,,,188.0,,51.0,,,,,,,,,,,,156.0,,559.0,,473.0,,204.0,,,23.0,17.0,16.0,,,288.0,72.0,,,,,,,,,,,,4.0,,,15.0,4.0,,,,,,,4.0,4.0,,,,,,,,,,,,,12.0,,65.0,96.0,,19.0,,44.0,12.0,,9.0,,,,,,,,,,,16.0,,4.0,10.0,
_250m_16_days_VI_Quality_2002321_aid0001,aid0001,2002-11-17 00:00:00+00:00,,,,,9216.0,,,,,,,,,,,,,,,,,,,,,,,,,,,,,,,,,,,,,,,,,,,,,,,,,,,,,,,,,,,,,,,,,,,,,,,,,,,,,,,,,,,,,,,,,,,,,,,,
_250m_16_days_VI_Quality_2002337_aid0001,aid0001,2002-12-03 00:00:00+00:00,145.0,,12.0,,8452.0,,20.0,,,68.0,,,,,,,,,,,,,,173.0,,,,106.0,,4.0,,,,,,,,74.0,1.0,,,,,,,,,,,,,,,5.0,,,,,,,,79.0,,,,,,,,,,,,,,47.0,,,14.0,,,,12.0,4.0,,,,,,,,,,,,,,,,,
_250m_16_days_VI_Quality_2002353_aid0001,aid0001,2002-12-19 00:00:00+00:00,,,,,9082.0,,,,,,,,,,,,,,,,,,,114.0,,,,12.0,,,,,,,,,,8.0,,,,,,,,,,,,,,,,,,,,,,,,,,,,,,,,,,,,,,,,,,,,,,,,,,,,,,,,,,,,,,,
_250m_16_days_VI_Quality_2011353_aid0001,aid0001,2011-12-19 00:00:00+00:00,87.0,,47.0,,8071.0,,,,,101.0,,4.0,,,,,,,,,,,,365.0,,,,195.0,,51.0,,,5.0,,,,,177.0,36.0,,,,,,,,,,,,,,,20.0,,,,,,,,11.0,,4.0,,,,,,,,,,,,31.0,,,11.0,,,,,,,,,,,,,,,,,,,,,,
_250m_16_days_VI_Quality_2012001_aid0001,aid0001,2012-01-01 00:00:00+00:00,82.0,,11.0,,8746.0,,,,,81.0,,,,,,,,,,,,,,100.0,,,,94.0,,,,,,,,,,24.0,4.0,,,,,,,,,,,,,,,24.0,,,,,,,,50.0,,,,,,,,,,,,,,,,,,,,,,,,,,,,,,,,,,,,,,,
_250m_16_days_VI_Quality_2012017_aid0001,aid0001,2012-01-17 00:00:00+00:00,65.0,,9.0,,8820.0,,4.0,,,,,,,,,,,,,,,,,166.0,,,,40.0,,4.0,,,4.0,,,,,91.0,5.0,,,,,,,,,,,,,,,4.0,,,,,,,,,,,,,,,,,,,,,,4.0,,,,,,,,,,,,,,,,,,,,,,,,,
_250m_16_days_VI_Quality_2012033_aid0001,aid0001,2012-02-02 00:00:00+00:00,95.0,,59.0,,8609.0,,,,,78.0,,8.0,,,,,,,,,,,,174.0,,,,35.0,,16.0,,,,,4.0,,,57.0,33.0,,,,,,,,,,,,,,,4.0,,,,,,,,13.0,,,,,,,,,,,,,,15.0,,,8.0,,,,,,4.0,,,,,,,,,,4.0,,,,,,
_250m_16_days_VI_Quality_2012049_aid0001,aid0001,2012-02-18 00:00:00+00:00,40.0,,,,8890.0,,,,,,,,,,,,,,,,,,,173.0,,,,36.0,,,,,,,,,,77.0,,,,,,,,,,,,,,,,,,,,,,,,,,,,,,,,,,,,,,,,,,,,,,,,,,,,,,,,,,,,,,,
_250m_16_days_VI_Quality_2012065_aid0001,aid0001,2012-03-05 00:00:00+00:00,35.0,,16.0,,8529.0,,231.0,,,4.0,,,,,,,,,,,,,,29.0,,116.0,,102.0,,28.0,,,,,4.0,,,51.0,67.0,,,,,,,,,,,,,,,,4.0,,,,,,,,,,,,,,,,,,,,,,,,,,,,,,,,,,,,,,,,,,,,,,
_250m_16_days_VI_Quality_2012081_aid0001,aid0001,2012-03-21 00:00:00+00:00,20.0,,,,8782.0,,,,,257.0,,,,,,,,,,,,,,124.0,,,,6.0,,,,,4.0,,,,,23.0,,,,,,,,,,,,,,,,,,,,,,,,,,,,,,,,,,,,,,,,,,,,,,,,,,,,,,,,,,,,,,,
_250m_16_days_VI_Quality_2012097_aid0001,aid0001,2012-04-06 00:00:00+00:00,33.0,,39.0,,8693.0,,44.0,,,121.0,,5.0,,,,,,,,,,,,73.0,,21.0,,82.0,,23.0,,,,,,,,58.0,4.0,,,,,,,,,,,,,,,,,,,,,,,,,,,,,,,,,,,,,,,,8.0,,,,12.0,,,,,,,,,,,,,,,,,,
_250m_16_days_VI_Quality_2012113_aid0001,aid0001,2012-04-22 00:00:00+00:00,21.0,,14.0,,5957.0,,4.0,,,3096.0,,,,,,,,,,,,,,,,,,86.0,,4.0,,,,,,,,,7.0,,,,4.0,,,,,,,,,,,,4.0,,,,,,,,,,,,,,,,,,,,,,,,,,2.0,,,,,,,,,,,,,,,,,17.0,,,
_250m_16_days_VI_Quality_2012129_aid0001,aid0001,2012-05-08 00:00:00+00:00,4469.0,,102.0,,20.0,,,,,367.0,20.0,,,,,,,,,,,,,24.0,,,,490.0,150.0,,,,52.0,20.0,,25.0,,1801.0,12.0,,,,,,,12.0,,,,,230.0,,,242.0,10.0,,,,,,,,,,,,,,,,,,,,,,,,153.0,68.0,,,,72.0,,104.0,,,,,,,,,,,218.0,,392.0,163.0,
_250m_16_days_VI_Quality_2012145_aid0001,aid0001,2012-05-24 00:00:00+00:00,107.0,,72.0,,7164.0,,,,,731.0,,77.0,,,,,,,,,,,,606.0,,,,117.0,,102.0,8.0,,8.0,,,,,48.0,2.0,,,,,52.0,,,,,,,,12.0,,,,,,,,,,41.0,,,,,,,,,,,,,,61.0,,,,,,,,8.0,,,,,,,,,,,,,,,,,
_250m_16_days_VI_Quality_2012161_aid0001,aid0001,2012-06-09 00:00:00+00:00,143.0,,4.0,,2162.0,,68.0,,,3434.0,,1009.0,,,49.0,,,,,,,,,505.0,,,,958.0,,288.0,,,47.0,3.0,,,,59.0,18.0,,,,,,,,,,,,,4.0,,,,,,,,,,8.0,,162.0,,,,,,,,,,,,21.0,,,232.0,,15.0,,27.0,,,,,,,,,,,,,,,,,,
_250m_16_days_VI_Quality_2012177_aid0001,aid0001,2012-06-25 00:00:00+00:00,186.0,,231.0,,1915.0,,534.0,,,2093.0,20.0,693.0,12.0,,,25.0,,25.0,,,,,,135.0,,55.0,,1006.0,28.0,457.0,,,4.0,6.0,121.0,,,98.0,112.0,,,,32.0,12.0,,,,,,,,25.0,,32.0,,,,,,,,79.0,,341.0,,143.0,,,,,,,,23.0,,100.0,,,466.0,60.0,78.0,,8.0,,12.0,,,,,8.0,,,,,,,41.0,,,,
_250m_16_days_VI_Quality_2012193_aid0001,aid0001,2012-07-11 00:00:00+00:00,652.0,,33.0,,2562.0,,164.0,,,4029.0,,249.0,,,3.0,,,,,,,,,40.0,,,,858.0,,,,1.0,28.0,4.0,,,,310.0,34.0,,,,6.0,,,,,,,,,,,,,,,,,,,39.0,,8.0,,,,,,,,,12.0,,,,,,129.0,,,,32.0,,,,,,,,,,,,,,,,23.0,,
_250m_16_days_VI_Quality_2012209_aid0001,aid0001,2012-07-27 00:00:00+00:00,74.0,,86.0,,160.0,,8019.0,,,110.0,,,,,,,,,,,,,,,,150.0,,36.0,,107.0,,,4.0,,71.0,,,36.0,75.0,,,,,,,,,,,,,,,,23.0,,,,,,,,196.0,,,,,,,,,,,,,,,48.0,21.0,,,,,,,,,,,,,,,,,,,,,,
_250m_16_days_VI_Quality_2012225_aid0001,aid0001,2012-08-12 00:00:00+00:00,146.0,,42.0,,4050.0,,199.0,,,2145.0,,220.0,,,,12.0,,,,,,,,330.0,,8.0,,1231.0,,140.0,,,47.0,,,34.0,,49.0,20.0,,,,,58.0,1.0,,,,,,,89.0,,,,,,,,,,60.0,73.0,53.0,,8.0,,,,,,,,,,40.0,,,128.0,,,,12.0,,,4.0,,,,,,,,,,,,,17.0,,
_250m_16_days_VI_Quality_2012241_aid0001,aid0001,2012-08-28 00:00:00+00:00,133.0,,44.0,,7114.0,,117.0,,,260.0,,698.0,,,,,,,,,,,,153.0,,,,192.0,,18.0,,,6.0,,,,,83.0,,,,,,,,,,,,,,,,,,,,,,,,143.0,,22.0,,,,,,,,,,,,155.0,,,41.0,,,,,,33.0,,,,,,,,,,,,,,,4.0,
_250m_16_days_VI_Quality_2012257_aid0001,aid0001,2012-09-13 00:00:00+00:00,166.0,,188.0,,2892.0,,3106.0,,,855.0,,111.0,,,,,,,,,,,,321.0,,460.0,,422.0,,302.0,,,20.0,,,,,112.0,41.0,,,,,,,,,,9.0,,12.0,,,,1.0,,,,,,,13.0,,8.0,,,,,,,,,,,,8.0,,49.0,21.0,,70.0,,,,16.0,,,,,,,,,,,,8.0,,,5.0,
_250m_16_days_VI_Quality_2012273_aid0001,aid0001,2012-09-29 00:00:00+00:00,144.0,,152.0,,4850.0,,1564.0,,,898.0,,112.0,,,,,,,,,,,5.0,292.0,,323.0,,529.0,,99.0,,,,,,,,53.0,77.0,,,,,,,,,,,,,,,5.0,8.0,,,,,,,,42.0,,,,,,,,,,,,,,,58.0,,,5.0,,,,,,,,,,,,,,,,,,,,
_250m_16_days_VI_Quality_2012289_aid0001,aid0001,2012-10-15 00:00:00+00:00,87.0,,43.0,,3336.0,,192.0,,,2869.0,,1994.0,,,,,,,,,,,,,,,,257.0,,171.0,,,4.0,4.0,,,,92.0,6.0,,,,,,,,,,,,,,,4.0,,,,,,,,,,,,77.0,,,,,,,,,,,,,24.0,,44.0,,,,,,,,,,,,,,,,,,12.0,,
_250m_16_days_VI_Quality_2012305_aid0001,aid0001,2012-10-31 00:00:00+00:00,396.0,,147.0,,6257.0,,653.0,,,484.0,,,,,,,,,,,,,,119.0,,49.0,,441.0,,12.0,,,94.0,,9.0,,,271.0,4.0,,,,16.0,,,,,,,,21.0,,,4.0,,,,,,,,,,33.0,,,,,,,,,,,,16.0,,,174.0,,,,2.0,4.0,,,,,,,,,,,,,,,10.0,,
_250m_16_days_VI_Quality_2012321_aid0001,aid0001,2012-11-16 00:00:00+00:00,,,,,9212.0,,,,,,,,,,,,,,,,,,,,,,,,,,,,,,,,,,,,,,,,,,,,,,,,,,,,,,,,,4.0,,,,,,,,,,,,,,,,,,,,,,,,,,,,,,,,,,,,,,,
_250m_16_days_VI_Quality_2012337_aid0001,aid0001,2012-12-02 00:00:00+00:00,50.0,,18.0,,8741.0,,,,,,,,,,,,,,,,,,,266.0,,,,36.0,,4.0,,,,,16.0,,,68.0,16.0,,,,,,,,,,,,,,,1.0,,,,,,,,,,,,,,,,,,,,,,,,,,,,,,,,,,,,,,,,,,,,,,,
_250m_16_days_VI_Quality_2012353_aid0001,aid0001,2012-12-18 00:00:00+00:00,86.0,,21.0,,8181.0,,370.0,,,59.0,,,,,,,,,,,,,,95.0,,,,213.0,,,,,12.0,8.0,,,,156.0,,,,,,,,,,,,,,,,,,,,,,,,1.0,4.0,,,,,,,,,,,,,,,,2.0,,8.0,,,,,,,,,,,,,,,,,,,,
_250m_16_days_VI_Quality_2013001_aid0001,aid0001,2013-01-01 00:00:00+00:00,46.0,,,,8744.0,,,,,26.0,,,,,,,,,,,4.0,,,82.0,,,,140.0,,,,,6.0,13.0,,,,148.0,2.0,,,,,,,,,,,,,,,,5.0,,,,,,,,,,,,,,,,,,,,,,,,,,,,,,,,,,,,,,,,,,,,,,
_250m_16_days_VI_Quality_2013017_aid0001,aid0001,2013-01-17 00:00:00+00:00,99.0,,28.0,,8445.0,,,,,196.0,,,,,,,,,,,,,,74.0,,,,146.0,,,,,23.0,,4.0,,,132.0,65.0,,,,,,,,,,,,,,,,,,,,,,,,,4.0,,,,,,,,,,,,,,,,,,,,,,,,,,,,,,,,,,,,,
_250m_16_days_VI_Quality_2013033_aid0001,aid0001,2013-02-02 00:00:00+00:00,,,,,9216.0,,,,,,,,,,,,,,,,,,,,,,,,,,,,,,,,,,,,,,,,,,,,,,,,,,,,,,,,,,,,,,,,,,,,,,,,,,,,,,,,,,,,,,,,,,,,,,,,
_250m_16_days_VI_Quality_2013049_aid0001,aid0001,2013-02-18 00:00:00+00:00,,,,,9216.0,,,,,,,,,,,,,,,,,,,,,,,,,,,,,,,,,,,,,,,,,,,,,,,,,,,,,,,,,,,,,,,,,,,,,,,,,,,,,,,,,,,,,,,,,,,,,,,,
_250m_16_days_VI_Quality_2013065_aid0001,aid0001,2013-03-06 00:00:00+00:00,31.0,,,,8937.0,,,,,32.0,,,,,,,,,,,,,,61.0,,,,99.0,,,,,3.0,,,,,53.0,,,,,,,,,,,,,,,,,,,,,,,,,,,,,,,,,,,,,,,,,,,,,,,,,,,,,,,,,,,,,,,
_250m_16_days_VI_Quality_2013081_aid0001,aid0001,2013-03-22 00:00:00+00:00,,,,,8108.0,,,,,584.0,,487.0,,,,,,,,,,,,,,,,1.0,,4.0,,,,,,,,,,,,,,,,,,,,,,,,,,,,,,,,,,,,,,,,,,,,,,,,,,,32.0,,,,,,,,,,,,,,,,,,,,
_250m_16_days_VI_Quality_2013097_aid0001,aid0001,2013-04-07 00:00:00+00:00,33.0,,24.0,,7690.0,4.0,20.0,,,1180.0,,,,,,,,,,,,,,12.0,,,,156.0,,4.0,,,8.0,,,,,46.0,36.0,,,,,,,,,,,,,,,3.0,,,,,,,,,,,,,,,,,,,,,,,,,,,,,,,,,,,,,,,,,,,,,,,
_250m_16_days_VI_Quality_2013113_aid0001,aid0001,2013-04-23 00:00:00+00:00,,,,,7505.0,,1039.0,,,652.0,,,,,,,,,,,,,,,,,,20.0,,,,,,,,,,,,,,,,,,,,,,,,,,,,,,,,,,,,,,,,,,,,,,,,,,,,,,,,,,,,,,,,,,,,,,,,,
_250m_16_days_VI_Quality_2013129_aid0001,aid0001,2013-05-09 00:00:00+00:00,8.0,,,,5198.0,,1006.0,24.0,,1394.0,4.0,1358.0,12.0,,,,,,,,,,,4.0,,,,4.0,,177.0,,,,,,,,8.0,15.0,,,,,,,,,,,,,,,4.0,,,,,,,,,,,,,,,,,,,,,,,,,,,,,,,,,,,,,,,,,,,,,,,
_250m_16_days_VI_Quality_2013145_aid0001,aid0001,2013-05-25 00:00:00+00:00,983.0,,504.0,,509.0,,,,,607.0,61.0,52.0,,,,45.0,,37.0,,,,,,457.0,,,,1867.0,12.0,28.0,,,98.0,56.0,10.0,175.0,,948.0,74.0,,57.0,,281.0,288.0,,,,,13.0,,558.0,277.0,,132.0,165.0,,,,,,,12.0,,20.0,4.0,,,,12.0,,,,,,,67.0,,,177.0,,24.0,,41.0,12.0,,97.0,,4.0,20.0,32.0,,49.0,,,1.0,,211.0,36.0,62.0,41.0,
_250m_16_days_VI_Quality_2013161_aid0001,aid0001,2013-06-10 00:00:00+00:00,1437.0,,388.0,,451.0,,,,,1425.0,,280.0,,,,,33.0,,,,,,,379.0,,,,1990.0,,228.0,,,73.0,31.0,134.0,,,528.0,139.0,,20.0,,90.0,16.0,,,,,16.0,,155.0,164.0,,141.0,32.0,,,2.0,,,,,,45.0,,,,,,33.0,,,,,,8.0,,,385.0,,17.0,44.0,26.0,42.0,29.0,8.0,,,13.0,58.0,,,,,,,70.0,228.0,54.0,4.0,
_250m_16_days_VI_Quality_2013177_aid0001,aid0001,2013-06-26 00:00:00+00:00,1019.0,,452.0,,601.0,,2685.0,,,714.0,,725.0,,,,,,,,,,,4.0,103.0,,88.0,,708.0,,642.0,,,27.0,,88.0,,,431.0,203.0,,,,,,,,,,,,,,,,4.0,,,,,,,,,4.0,,126.0,,,,,,,,8.0,,,,,157.0,,297.0,,,,93.0,9.0,,,,,,,,4.0,,,,,,24.0,
_250m_16_days_VI_Quality_2013193_aid0001,aid0001,2013-07-12 00:00:00+00:00,513.0,,32.0,,6984.0,,,,,249.0,,,,,,,,,,,,,,328.0,,,,365.0,,,,,25.0,,,,,248.0,,,,,,,,,,,,,,,,4.0,,,,,,,,107.0,,17.0,,,,,,,,,,,,159.0,,,177.0,,,,,,,,,,,,,,,,,,4.0,,4.0,,
_250m_16_days_VI_Quality_2013209_aid0001,aid0001,2013-07-28 00:00:00+00:00,704.0,,109.0,,3617.0,,,,,1690.0,,,,1.0,49.0,,,,,8.0,,,,297.0,,,,1369.0,4.0,,,,39.0,8.0,,,,199.0,13.0,,,,,,,,,,,,16.0,,,3.0,4.0,,,,,,,62.0,,248.0,,,,17.0,,,,,,,,92.0,,,605.0,,4.0,,36.0,8.0,,,,,,,,,,,,,,,14.0,,
_250m_16_days_VI_Quality_2013225_aid0001,aid0001,2013-08-13 00:00:00+00:00,665.0,,134.0,,2780.0,,,,,1610.0,,,,,4.0,,,,,,,,,1492.0,,,,1615.0,,16.0,,,12.0,,,,,379.0,16.0,,,,,,,,,,,,,,,28.0,,,,,,,,21.0,,36.0,,,,,,,,,,,,77.0,,,169.0,,20.0,,99.0,4.0,8.0,,,,,,,,,,,,,4.0,14.0,13.0,
_250m_16_days_VI_Quality_2013241_aid0001,aid0001,2013-08-29 00:00:00+00:00,1784.0,,599.0,1.0,106.0,,,,,792.0,,,,,,,,,,,,,,369.0,,,,2633.0,,12.0,,,138.0,12.0,,,,1124.0,133.0,,,,102.0,,,,,,,,57.0,,,58.0,,,,,,,,,,,,,,,,,,,,4.0,12.0,28.0,,,875.0,,61.0,,104.0,,112.0,36.0,,,,,,,,,,,4.0,,4.0,56.0,
_250m_16_days_VI_Quality_2013257_aid0001,aid0001,2013-09-14 00:00:00+00:00,1838.0,,668.0,,244.0,,,,,134.0,,1569.0,,,,,258.0,,,,,,,107.0,,,,649.0,36.0,1472.0,,,40.0,23.0,488.0,66.0,,211.0,404.0,,,,,229.0,,,,,,,32.0,153.0,,42.0,174.0,,,,,,,45.0,,29.0,,,,,,,,,,,,70.0,,,126.0,21.0,,,,4.0,16.0,52.0,,,,,,,,,,,4.0,,,12.0,
_250m_16_days_VI_Quality_2013273_aid0001,aid0001,2013-09-30 00:00:00+00:00,402.0,,250.0,2.0,1489.0,,391.0,,,1258.0,,1240.0,,,,,39.0,,,,,,,524.0,,36.0,,1227.0,,504.0,,,80.0,8.0,44.0,,,196.0,37.0,,,,,,,,,,,,4.0,4.0,,35.0,18.0,,,,,,,94.0,57.0,81.0,,114.0,,,,,,,,,7.0,210.0,,,572.0,,191.0,,36.0,3.0,35.0,,,,,,,,4.0,,,,,,24.0,,
_250m_16_days_VI_Quality_2013289_aid0001,aid0001,2013-10-16 00:00:00+00:00,467.0,,279.0,,1471.0,,1232.0,,,937.0,,1295.0,,,,,,,,,,12.0,1.0,418.0,,259.0,,1045.0,,575.0,,,23.0,29.0,8.0,6.0,,258.0,39.0,,,,,,,,,4.0,,,,,,5.0,8.0,,,,,,4.0,52.0,28.0,147.0,,84.0,,8.0,8.0,,,,,,,23.0,,,292.0,,74.0,,9.0,29.0,41.0,,,,,,,,,,3.0,,29.0,,14.0,,
_250m_16_days_VI_Quality_2013305_aid0001,aid0001,2013-11-01 00:00:00+00:00,516.0,,50.0,,3755.0,,,,,827.0,,47.0,,,,,50.0,,,,,,,1413.0,,,,1210.0,,83.0,,,29.0,,8.0,,,226.0,50.0,,,,,,,,,,,,38.0,,,4.0,4.0,,,,,,,227.0,,6.0,,,,,,,,,,,,379.0,,,206.0,,61.0,,8.0,,19.0,,,,,,,,,,,,,,,,
_250m_16_days_VI_Quality_2013321_aid0001,aid0001,2013-11-17 00:00:00+00:00,281.0,,95.0,,3943.0,,98.0,,,1102.0,,1157.0,,2.0,8.0,,48.0,,,,,,,381.0,,,2.0,356.0,,184.0,,,,,4.0,,,125.0,114.0,,,,,,,,,,,,,,,,,,,,,28.0,,218.0,,89.0,,52.0,,21.0,,29.0,,12.0,4.0,,,247.0,,,319.0,,218.0,,17.0,9.0,45.0,,,,,,,,,,,,,,8.0,,
_250m_16_days_VI_Quality_2013337_aid0001,aid0001,2013-12-03 00:00:00+00:00,151.0,,44.0,,8117.0,,,,,84.0,,,,,,,,,,,,,,395.0,,,,104.0,,8.0,,,8.0,,8.0,,,131.0,34.0,,,,,,,,,,,,,,,18.0,3.0,,,,,,,18.0,,,,,,,,,,,,,,77.0,,,,,16.0,,,,,,,,,,,,,,,,,,,,
_250m_16_days_VI_Quality_2013353_aid0001,aid0001,2013-12-19 00:00:00+00:00,92.0,,5.0,,8643.0,,,,,,,13.0,,,,,,,,,,,,162.0,,,,95.0,,8.0,,,12.0,,,,,84.0,4.0,,,,,,,,,,,,8.0,,,,12.0,,,,,,,61.0,,4.0,,,,,,,,,,,,,,,13.0,,,,,,,,,,,,,,,,,,,,,,
_250m_16_days_VI_Quality_2014001_aid0001,aid0001,2014-01-01 00:00:00+00:00,25.0,,57.0,,8649.0,,100.0,,,,,,,,,,,,,,,,,98.0,,150.0,,55.0,,,,,,,12.0,2.0,,42.0,9.0,,,,,,,,,,,,,4.0,,,,,,,,,,5.0,,4.0,,,,,,,,,,,,4.0,,,,,,,,,,,,,,,,,,,,,,,,,
_250m_16_days_VI_Quality_2014017_aid0001,aid0001,2014-01-17 00:00:00+00:00,37.0,,32.0,,8788.0,,58.0,,,,,,,,,,,,,,,,,138.0,,,,29.0,,13.0,,,,,,,,121.0,,,,,,,,,,,,,,,,,,,,,,,,,,,,,,,,,,,,,,,,,,,,,,,,,,,,,,,,,,,,,,,
_250m_16_days_VI_Quality_2014033_aid0001,aid0001,2014-02-02 00:00:00+00:00,49.0,,25.0,,8464.0,,,,,284.0,,,,,,,,,,,,,,156.0,,,,70.0,,4.0,,,26.0,,,,,78.0,22.0,,,,,,,,,,,,,,,,,,,,,,,38.0,,,,,,,,,,,,,,,,,,,,,,,,,,,,,,,,,,,,,,,
_250m_16_days_VI_Quality_2014049_aid0001,aid0001,2014-02-18 00:00:00+00:00,,,,,9216.0,,,,,,,,,,,,,,,,,,,,,,,,,,,,,,,,,,,,,,,,,,,,,,,,,,,,,,,,,,,,,,,,,,,,,,,,,,,,,,,,,,,,,,,,,,,,,,,,
_250m_16_days_VI_Quality_2014065_aid0001,aid0001,2014-03-06 00:00:00+00:00,13.0,,4.0,,8978.0,,4.0,,,29.0,,18.0,,,,,,,,,,,,70.0,,,,81.0,,13.0,,,,,,,,4.0,2.0,,,,,,,,,,,,,,,,,,,,,,,,,,,,,,,,,,,,,,,,,,,,,,,,,,,,,,,,,,,,,,
_250m_16_days_VI_Quality_2014081_aid0001,aid0001,2014-03-22 00:00:00+00:00,47.0,,,,8962.0,,,,,17.0,,,,,,,,,,,,,,130.0,,,,19.0,,,,,,,,,,26.0,8.0,,,,,,,,,,,,,,,7.0,,,,,,,,,,,,,,,,,,,,,,,,,,,,,,,,,,,,,,,,,,,,,,,
_250m_16_days_VI_Quality_2014097_aid0001,aid0001,2014-04-07 00:00:00+00:00,89.0,,8.0,,8732.0,,4.0,,,45.0,,,,,,,,,,,,,,152.0,,,,68.0,,20.0,,,6.0,,,,,55.0,26.0,,,,,,,,,,,,,,,11.0,,,,,,,,,,,,,,,,,,,,,,,,,,,,,,,,,,,,,,,,,,,,,,,
_250m_16_days_VI_Quality_2014113_aid0001,aid0001,2014-04-23 00:00:00+00:00,41.0,,,,6095.0,36.0,73.0,,,1998.0,8.0,283.0,,,50.0,,,,,,,,,16.0,,,,268.0,20.0,8.0,,,35.0,,,,,73.0,4.0,,,,32.0,8.0,,25.0,,,,,41.0,,,8.0,,,,,,,,4.0,,4.0,,,,,,,,,,,,,,,36.0,,,,42.0,,,,,,,,8.0,,,,,,,,,,
_250m_16_days_VI_Quality_2014129_aid0001,aid0001,2014-05-09 00:00:00+00:00,23.0,,21.0,,8529.0,,,,,185.0,,102.0,,,,,,,,,,,,110.0,,,,141.0,,73.0,,,8.0,,,,,16.0,8.0,,,,,,,,,,,,,,,,,,,,,,,,,,,,,,,,,,,,,,,,,,,,,,,,,,,,,,,,,,,,,,
_250m_16_days_VI_Quality_2014145_aid0001,aid0001,2014-05-25 00:00:00+00:00,286.0,,170.0,,3573.0,,1923.0,,,442.0,,269.0,,,,,,,,,,,,79.0,,643.0,,577.0,,466.0,,,37.0,12.0,,,,95.0,95.0,,,,,,,,,,,,,2.0,,4.0,13.0,,,,,,,,108.0,,,,,,,,,,,,,2.0,,17.0,199.0,,162.0,,,,8.0,,,,,,,,,,,,6.0,12.0,8.0,8.0,
_250m_16_days_VI_Quality_2014161_aid0001,aid0001,2014-06-10 00:00:00+00:00,139.0,,4.0,,5817.0,,32.0,,,1822.0,8.0,203.0,,,6.0,,,,,,,,,309.0,,,,296.0,,16.0,5.0,,4.0,,,,,57.0,4.0,,,,82.0,,,,,,,,53.0,,,,,,,,,,,91.0,,65.0,,,,,,,,,,,,,,,91.0,5.0,4.0,,,26.0,,8.0,,,,,,,,,,,69.0,,,,
_250m_16_days_VI_Quality_2014177_aid0001,aid0001,2014-06-26 00:00:00+00:00,376.0,,116.0,,7968.0,,,,,84.0,,4.0,,,,,,,,,,,,192.0,,,,156.0,,32.0,,,25.0,,4.0,,,174.0,10.0,,,,,,,,,,,,,,,4.0,,,,,,,,,,,,,,,,,,,,,,,,,47.0,,,,12.0,,4.0,,,,,,,,,,,,,,8.0,,
_250m_16_days_VI_Quality_2014193_aid0001,aid0001,2014-07-12 00:00:00+00:00,1240.0,,962.0,,2254.0,,,,,1158.0,,,,,,,,,,,,,,221.0,,,,1401.0,,16.0,,,68.0,,46.0,48.0,,599.0,169.0,,,,,,,,,,,,17.0,,,57.0,4.0,,,,,,,17.0,,,,,,,,6.0,,,,12.0,,40.0,,,539.0,,32.0,,39.0,,120.0,5.0,,,,,,,,,,,65.0,,33.0,48.0,
_250m_16_days_VI_Quality_2014209_aid0001,aid0001,2014-07-28 00:00:00+00:00,382.0,,307.0,,937.0,12.0,,,,851.0,,1390.0,41.0,,54.0,,,,,,,,,496.0,13.0,40.0,,1147.0,52.0,733.0,31.0,,111.0,89.0,23.0,32.0,,33.0,215.0,,,20.0,,512.0,,12.0,,,,,13.0,455.0,,17.0,14.0,,,,,,,,,97.0,,52.0,,,,,,,,,,,,,188.0,13.0,450.0,,74.0,41.0,53.0,,,,,61.0,,,,,,,52.0,86.0,13.0,4.0,
_250m_16_days_VI_Quality_2014225_aid0001,aid0001,2014-08-13 00:00:00+00:00,1141.0,,216.0,,25.0,,,,,601.0,29.0,1413.0,904.0,,,12.0,166.0,,,,,,,169.0,37.0,,,1012.0,105.0,195.0,445.0,,71.0,7.0,34.0,107.0,,349.0,39.0,,,,83.0,249.0,,20.0,96.0,,295.0,,237.0,205.0,,73.0,13.0,,,,,,,,,36.0,,,134.0,,,,2.0,,,,,,,40.0,220.0,,110.0,85.0,4.0,4.0,9.0,96.0,,,,36.0,,,,,,,28.0,53.0,4.0,7.0,
_250m_16_days_VI_Quality_2014241_aid0001,aid0001,2014-08-29 00:00:00+00:00,242.0,,66.0,,2383.0,,,,,3377.0,4.0,428.0,,,,,36.0,,,,,,,157.0,,,,1641.0,4.0,54.0,,,26.0,,24.0,,,164.0,4.0,,21.0,,40.0,39.0,,,,,,,91.0,8.0,,8.0,23.0,,,,,,,44.0,,120.0,,,,,4.0,,,,,,,,,,88.0,,,,,28.0,4.0,,,,,,,,,,,,41.0,,47.0,,
_250m_16_days_VI_Quality_2014257_aid0001,aid0001,2014-09-14 00:00:00+00:00,586.0,,246.0,,3942.0,,,,,622.0,,705.0,,,,,,16.0,,,,,,778.0,,,,905.0,,315.0,,,20.0,12.0,8.0,4.0,,176.0,136.0,,,,20.0,8.0,,,33.0,,,,8.0,17.0,,,28.0,,,,,,,54.0,,57.0,,,,12.0,,,,,,,,162.0,,,253.0,12.0,43.0,,20.0,4.0,4.0,2.0,,,,,,,,,,,,,,8.0,
_250m_16_days_VI_Quality_2014273_aid0001,aid0001,2014-09-30 00:00:00+00:00,1024.0,,756.0,,53.0,,590.0,,,266.0,,1926.0,,,,,57.0,,,,,,,55.0,,92.0,,753.0,,1591.0,,,12.0,,72.0,3.0,,451.0,329.0,,,94.0,,33.0,,,,,,,36.0,175.0,,52.0,72.0,,,,,,,63.0,,157.0,,,,,,,,,,,1.0,82.0,,,205.0,,,,4.0,4.0,,58.0,,,,,,,,,,,74.0,,68.0,8.0,
_250m_16_days_VI_Quality_2014289_aid0001,aid0001,2014-10-16 00:00:00+00:00,559.0,,190.0,,807.0,,,,,1128.0,20.0,1212.0,,,,12.0,,,,,,,,713.0,,,,1575.0,68.0,480.0,,1.0,42.0,17.0,12.0,17.0,,442.0,60.0,,,,,,,,,,,,34.0,,,36.0,7.0,,,,,,,45.0,,381.0,12.0,82.0,,8.0,8.0,,,,,,,102.0,,,622.0,44.0,266.0,,60.0,1.0,24.0,2.0,,,34.0,,,,,4.0,16.0,,30.0,8.0,17.0,18.0,
_250m_16_days_VI_Quality_2014305_aid0001,aid0001,2014-11-01 00:00:00+00:00,13.0,,,,9097.0,,,,,4.0,,,,,,,,,,,,,,85.0,,,,5.0,,,,,2.0,,,,,4.0,,,,,,,,,,,,,,,,,,,,,,,,6.0,,,,,,,,,,,,,,,,,,,,,,,,,,,,,,,,,,,,,,,
_250m_16_days_VI_Quality_2014321_aid0001,aid0001,2014-11-17 00:00:00+00:00,403.0,,301.0,,2207.0,,1404.0,,,645.0,,615.0,,,,,,,,,,,,226.0,,,,679.0,,600.0,,,57.0,,73.0,,,414.0,363.0,,,,,,,,,,,,,,,,12.0,,,,,,,237.0,,125.0,,,,,,,,,,,,239.0,,,432.0,,8.0,,148.0,6.0,12.0,4.0,,,,,,,,,,,,,3.0,3.0,
_250m_16_days_VI_Quality_2014337_aid0001,aid0001,2014-12-03 00:00:00+00:00,2.0,,,,8464.0,,563.0,,,44.0,,89.0,,,,,,,,,,,,,,,,34.0,,,,,,,,,,,,,,,,,,,,,,,,,,,,,,,,,,,,,,20.0,,,,,,,,,,,,,,,,,,,,,,,,,,,,,,,,,,,
_250m_16_days_VI_Quality_2014353_aid0001,aid0001,2014-12-19 00:00:00+00:00,8.0,,52.0,,8014.0,,33.0,,,397.0,,126.0,,,,,,,,,,,,8.0,,30.0,,136.0,,154.0,,,,,6.0,,,43.0,124.0,,,,,,,,,,,,,,,,,,,,,,,,,12.0,,,,,,,,,,,,,,,73.0,,,,,,,,,,,,,,,,,,,,,,
